tile_index,ra,dec
102018211,57.9990741,-51.5
102018211,57.9990741,-51.5
102018211,57.9990741,-51.5
102018211,57.9990741,-51.5
102018212,58.793582,-51.5
102018212,58.793582,-51.5
102018212,58.793582,-51.5
102018212,58.793582,-51.5
102018213,59.5880898,-51.5
102018213,59.5880898,-51.5
102018213,59.5880898,-51.5
102018213,59.5880898,-51.5
102018664,56.5968129,-51.0
102018664,56.5968129,-51.0
102018664,56.5968129,-51.0
102018664,56.5968129,-51.0
102018665,57.3828797,-51.0
102018665,57.3828797,-51.0
102018665,57.3828797,-51.0
102018665,57.3828797,-51.0
102018666,58.1689466,-51.0
102018666,58.1689466,-51.0
102018666,58.1689466,-51.0
102018666,58.1689466,-51.0
102018667,58.9550134,-51.0
102018667,58.9550134,-51.0
102018667,58.9550134,-51.0
102018667,58.9550134,-51.0
102018668,59.7410802,-51.0
102018668,59.7410802,-51.0
102018668,59.7410802,-51.0
102018668,59.7410802,-51.0
102018669,60.5271471,-51.0
102018669,60.5271471,-51.0
102018669,60.5271471,-51.0
102018669,60.5271471,-51.0
102018670,61.3132139,-51.0
102018670,61.3132139,-51.0
102018670,61.3132139,-51.0
102018670,61.3132139,-51.0
102018671,62.0992808,-51.0
102018671,62.0992808,-51.0
102018671,62.0992808,-51.0
102018671,62.0992808,-51.0
102019122,56.0060578,-50.5
102019122,56.0060578,-50.5
102019122,56.0060578,-50.5
102019122,56.0060578,-50.5
102019123,56.7839197,-50.5
102019123,56.7839197,-50.5
102019123,56.7839197,-50.5
102019123,56.7839197,-50.5
102019124,57.5617816,-50.5
102019124,57.5617816,-50.5
102019124,57.5617816,-50.5
102019124,57.5617816,-50.5
102019125,58.3396435,-50.5
102019125,58.3396435,-50.5
102019125,58.3396435,-50.5
102019125,58.3396435,-50.5
102019126,59.1175054,-50.5
102019126,59.1175054,-50.5
102019126,59.1175054,-50.5
102019126,59.1175054,-50.5
102019127,59.8953673,-50.5
102019127,59.8953673,-50.5
102019127,59.8953673,-50.5
102019127,59.8953673,-50.5
102019128,60.6732292,-50.5
102019128,60.6732292,-50.5
102019128,60.6732292,-50.5
102019128,60.6732292,-50.5
102019129,61.4510912,-50.5
102019129,61.4510912,-50.5
102019129,61.4510912,-50.5
102019129,61.4510912,-50.5
102019130,62.2289531,-50.5
102019130,62.2289531,-50.5
102019130,62.2289531,-50.5
102019130,62.2289531,-50.5
102019131,63.006815,-50.5
102019131,63.006815,-50.5
102019131,63.006815,-50.5
102019131,63.006815,-50.5
102019585,55.4316856,-50.0
102019585,55.4316856,-50.0
102019585,55.4316856,-50.0
102019585,55.4316856,-50.0
102019586,56.2015701,-50.0
102019586,56.2015701,-50.0
102019586,56.2015701,-50.0
102019586,56.2015701,-50.0
102019587,56.9714546,-50.0
102019587,56.9714546,-50.0
102019587,56.9714546,-50.0
102019587,56.9714546,-50.0
102019588,57.7413391,-50.0
102019588,57.7413391,-50.0
102019588,57.7413391,-50.0
102019588,57.7413391,-50.0
102019589,58.5112236,-50.0
102019589,58.5112236,-50.0
102019589,58.5112236,-50.0
102019589,58.5112236,-50.0
102019590,59.2811082,-50.0
102019590,59.2811082,-50.0
102019590,59.2811082,-50.0
102019590,59.2811082,-50.0
102019591,60.0509927,-50.0
102019591,60.0509927,-50.0
102019591,60.0509927,-50.0
102019591,60.0509927,-50.0
102019592,60.8208772,-50.0
102019592,60.8208772,-50.0
102019592,60.8208772,-50.0
102019592,60.8208772,-50.0
102019593,61.5907617,-50.0
102019593,61.5907617,-50.0
102019593,61.5907617,-50.0
102019593,61.5907617,-50.0
102019594,62.3606463,-50.0
102019594,62.3606463,-50.0
102019594,62.3606463,-50.0
102019594,62.3606463,-50.0
102019595,63.1305308,-50.0
102019595,63.1305308,-50.0
102019595,63.1305308,-50.0
102019595,63.1305308,-50.0
102019596,63.9004153,-50.0
102019596,63.9004153,-50.0
102019596,63.9004153,-50.0
102019596,63.9004153,-50.0
102020053,54.8731111,-49.5
102020053,54.8731111,-49.5
102020053,54.8731111,-49.5
102020053,54.8731111,-49.5
102020054,55.6352377,-49.5
102020054,55.6352377,-49.5
102020054,55.6352377,-49.5
102020054,55.6352377,-49.5
102020055,56.3973642,-49.5
102020055,56.3973642,-49.5
102020055,56.3973642,-49.5
102020055,56.3973642,-49.5
102020056,57.1594908,-49.5
102020056,57.1594908,-49.5
102020056,57.1594908,-49.5
102020056,57.1594908,-49.5
102020057,57.9216173,-49.5
102020057,57.9216173,-49.5
102020057,57.9216173,-49.5
102020057,57.9216173,-49.5
102020058,58.6837438,-49.5
102020058,58.6837438,-49.5
102020058,58.6837438,-49.5
102020058,58.6837438,-49.5
102020059,59.4458704,-49.5
102020059,59.4458704,-49.5
102020059,59.4458704,-49.5
102020059,59.4458704,-49.5
102020060,60.2079969,-49.5
102020060,60.2079969,-49.5
102020060,60.2079969,-49.5
102020060,60.2079969,-49.5
102020061,60.9701235,-49.5
102020061,60.9701235,-49.5
102020061,60.9701235,-49.5
102020061,60.9701235,-49.5
102020062,61.73225,-49.5
102020062,61.73225,-49.5
102020062,61.73225,-49.5
102020062,61.73225,-49.5
102020063,62.4943766,-49.49875
102020063,62.4943766,-49.49875
102020063,62.4943766,-49.49875
102020063,62.4943766,-49.49875
102020064,63.2565031,-49.5
102020064,63.2565031,-49.5
102020064,63.2565031,-49.5
102020064,63.2565031,-49.5
102020065,64.0186296,-49.5
102020065,64.0186296,-49.5
102020065,64.0186296,-49.5
102020065,64.0186296,-49.5
102020066,64.7807562,-49.5
102020066,64.7807562,-49.5
102020066,64.7807562,-49.5
102020066,64.7807562,-49.5
102020527,55.0843581,-49.0
102020527,55.0843581,-49.0
102020527,55.0843581,-49.0
102020527,55.0843581,-49.0
102020528,55.8389383,-49.0
102020528,55.8389383,-49.0
102020528,55.8389383,-49.0
102020528,55.8389383,-49.0
102020529,56.5935186,-49.0
102020529,56.5935186,-49.0
102020529,56.5935186,-49.0
102020529,56.5935186,-49.0
102020530,57.3480988,-48.9815
102020530,57.3480988,-48.9815
102020530,57.3480988,-48.9815
102020530,57.3480988,-48.9815
102020531,58.1026791,-49.0
102020531,58.1026791,-49.0
102020531,58.1026791,-49.0
102020531,58.1026791,-49.0
102020532,58.8572593,-49.0
102020532,58.8572593,-49.0
102020532,58.8572593,-49.0
102020532,58.8572593,-49.0
102020533,59.6118396,-49.0
102020533,59.6118396,-49.0
102020533,59.6118396,-49.0
102020533,59.6118396,-49.0
102020534,60.3664198,-49.0
102020534,60.3664198,-49.0
102020534,60.3664198,-49.0
102020534,60.3664198,-49.0
102020535,61.121,-49.0
102020535,61.121,-49.0
102020535,61.121,-49.0
102020535,61.121,-49.0
102020536,61.8755803,-49.0
102020536,61.8755803,-49.0
102020536,61.8755803,-49.0
102020536,61.8755803,-49.0
102020537,62.63343559974,-49.0
102020537,62.63343559974,-49.0
102020537,62.63343559974,-49.0
102020537,62.63343559974,-49.0
102020538,63.3847408,-49.0
102020538,63.3847408,-49.0
102020538,63.3847408,-49.0
102020538,63.3847408,-49.0
102020539,64.139321,-49.0
102020539,64.139321,-49.0
102020539,64.139321,-49.0
102020539,64.139321,-49.0
102020540,64.8939013,-49.0
102020540,64.8939013,-49.0
102020540,64.8939013,-49.0
102020540,64.8939013,-49.0
102020541,65.6484815,-49.0
102020541,65.6484815,-49.0
102020541,65.6484815,-49.0
102020541,65.6484815,-49.0
102020542,66.4030618,-49.0
102020542,66.4030618,-49.0
102020542,66.4030618,-49.0
102020542,66.4030618,-49.0
102021006,55.2956323,-48.5
102021006,55.2956323,-48.5
102021006,55.2956323,-48.5
102021006,55.2956323,-48.5
102021007,56.0428706,-48.5
102021007,56.0428706,-48.5
102021007,56.0428706,-48.5
102021007,56.0428706,-48.5
102021008,56.7901089,-48.5
102021008,56.7901089,-48.5
102021008,56.7901089,-48.5
102021008,56.7901089,-48.5
102021009,57.5373472,-48.5
102021009,57.5373472,-48.5
102021009,57.5373472,-48.5
102021009,57.5373472,-48.5
102021010,58.2845854,-48.5
102021010,58.2845854,-48.5
102021010,58.2845854,-48.5
102021010,58.2845854,-48.5
102021011,59.0318237,-48.5
102021011,59.0318237,-48.5
102021011,59.0318237,-48.5
102021011,59.0318237,-48.5
102021012,59.779062,-48.5
102021012,59.779062,-48.5
102021012,59.779062,-48.5
102021012,59.779062,-48.5
102021013,60.5263003,-48.5
102021013,60.5263003,-48.5
102021013,60.5263003,-48.5
102021013,60.5263003,-48.5
102021014,61.2735385,-48.5
102021014,61.2735385,-48.5
102021014,61.2735385,-48.5
102021014,61.2735385,-48.5
102021015,62.0207768,-48.51755
102021015,62.0207768,-48.51755
102021015,62.0207768,-48.51755
102021015,62.0207768,-48.51755
102021016,62.7680151,-48.5
102021016,62.7680151,-48.5
102021016,62.7680151,-48.5
102021016,62.7680151,-48.5
102021017,63.5152534,-48.5
102021017,63.5152534,-48.5
102021017,63.5152534,-48.5
102021017,63.5152534,-48.5
102021018,64.2624916,-48.5
102021018,64.2624916,-48.5
102021018,64.2624916,-48.5
102021018,64.2624916,-48.5
102021019,65.0097299,-48.48655
102021019,65.0097299,-48.48655
102021019,65.0097299,-48.48655
102021019,65.0097299,-48.48655
102021020,65.7569682,-48.5
102021020,65.7569682,-48.5
102021020,65.7569682,-48.5
102021020,65.7569682,-48.5
102021021,66.5042065,-48.5
102021021,66.5042065,-48.5
102021021,66.5042065,-48.5
102021021,66.5042065,-48.5
102021490,56.2471149,-48.0
102021490,56.2471149,-48.0
102021490,56.2471149,-48.0
102021490,56.2471149,-48.0
102021491,56.9872085,-48.0
102021491,56.9872085,-48.0
102021491,56.9872085,-48.0
102021491,56.9872085,-48.0
102021492,57.7273021,-48.0
102021492,57.7273021,-48.0
102021492,57.7273021,-48.0
102021492,57.7273021,-48.0
102021493,58.4673957,-48.0
102021493,58.4673957,-48.0
102021493,58.4673957,-48.0
102021493,58.4673957,-48.0
102021494,59.2074893,-48.0
102021494,59.2074893,-48.0
102021494,59.2074893,-48.0
102021494,59.2074893,-48.0
102021495,59.9475829,-48.0
102021495,59.9475829,-48.0
102021495,59.9475829,-48.0
102021495,59.9475829,-48.0
102021496,60.6876765,-48.0
102021496,60.6876765,-48.0
102021496,60.6876765,-48.0
102021496,60.6876765,-48.0
102021497,61.4277702,-48.0
102021497,61.4277702,-48.0
102021497,61.4277702,-48.0
102021497,61.4277702,-48.0
102021498,62.1678638,-48.0
102021498,62.1678638,-48.0
102021498,62.1678638,-48.0
102021498,62.1678638,-48.0
102021499,62.9079574,-48.0
102021499,62.9079574,-48.0
102021499,62.9079574,-48.0
102021499,62.9079574,-48.0
102021500,63.648051,-48.0
102021500,63.648051,-48.0
102021500,63.648051,-48.0
102021500,63.648051,-48.0
102021501,64.3881446,-48.0
102021501,64.3881446,-48.0
102021501,64.3881446,-48.0
102021501,64.3881446,-48.0
102021502,65.1282382,-48.0
102021502,65.1282382,-48.0
102021502,65.1282382,-48.0
102021502,65.1282382,-48.0
102021503,65.8683319,-48.0
102021503,65.8683319,-48.0
102021503,65.8683319,-48.0
102021503,65.8683319,-48.0
102021504,66.6084255,-48.0
102021504,66.6084255,-48.0
102021504,66.6084255,-48.0
102021504,66.6084255,-48.0
102021505,67.33389834631,-48.0
102021505,67.33389834631,-48.0
102021505,67.33389834631,-48.0
102021505,67.33389834631,-48.0
102021978,56.4517486,-47.5
102021978,56.4517486,-47.5
102021978,56.4517486,-47.5
102021978,56.4517486,-47.5
102021979,57.1848882,-47.5
102021979,57.1848882,-47.5
102021979,57.1848882,-47.5
102021979,57.1848882,-47.5
102021980,57.9180278,-47.5
102021980,57.9180278,-47.5
102021980,57.9180278,-47.5
102021980,57.9180278,-47.5
102021981,58.6511674,-47.5
102021981,58.6511674,-47.5
102021981,58.6511674,-47.5
102021981,58.6511674,-47.5
102021982,59.384307,-47.5
102021982,59.384307,-47.5
102021982,59.384307,-47.5
102021982,59.384307,-47.5
102021983,60.1174466,-47.5
102021983,60.1174466,-47.5
102021983,60.1174466,-47.5
102021983,60.1174466,-47.5
102021984,60.8505862,-47.5
102021984,60.8505862,-47.5
102021984,60.8505862,-47.5
102021984,60.8505862,-47.5
102021985,61.5837258,-47.5
102021985,61.5837258,-47.5
102021985,61.5837258,-47.5
102021985,61.5837258,-47.5
102021986,62.3168654,-47.5
102021986,62.3168654,-47.5
102021986,62.3168654,-47.5
102021986,62.3168654,-47.5
102021987,63.050005,-47.5
102021987,63.050005,-47.5
102021987,63.050005,-47.5
102021987,63.050005,-47.5
102021988,63.7831446,-47.5
102021988,63.7831446,-47.5
102021988,63.7831446,-47.5
102021988,63.7831446,-47.5
102021989,64.5162842,-47.5
102021989,64.5162842,-47.5
102021989,64.5162842,-47.5
102021989,64.5162842,-47.5
102021990,65.2494238,-47.5
102021990,65.2494238,-47.5
102021990,65.2494238,-47.5
102021990,65.2494238,-47.5
102021991,65.9825634,-47.5
102021991,65.9825634,-47.5
102021991,65.9825634,-47.5
102021991,65.9825634,-47.5
102021992,66.7157029,-47.5
102021992,66.7157029,-47.5
102021992,66.7157029,-47.5
102021992,66.7157029,-47.5
102022474,58.8359567,-47.0
102022474,58.8359567,-47.0
102022474,58.8359567,-47.0
102022474,58.8359567,-47.0
102022475,59.5623265,-47.0
102022475,59.5623265,-47.0
102022475,59.5623265,-47.0
102022475,59.5623265,-47.0
102022476,60.2886964,-47.0
102022476,60.2886964,-47.0
102022476,60.2886964,-47.0
102022476,60.2886964,-47.0
102022477,61.0150662,-47.0
102022477,61.0150662,-47.0
102022477,61.0150662,-47.0
102022477,61.0150662,-47.0
102022478,61.741436,-47.0
102022478,61.741436,-47.0
102022478,61.741436,-47.0
102022478,61.741436,-47.0
102022479,62.4678059,-47.0
102022479,62.4678059,-47.0
102022479,62.4678059,-47.0
102022479,62.4678059,-47.0
102022480,63.1941757,-47.0
102022480,63.1941757,-47.0
102022480,63.1941757,-47.0
102022480,63.1941757,-47.0
102022481,63.9205455,-47.0
102022481,63.9205455,-47.0
102022481,63.9205455,-47.0
102022481,63.9205455,-47.0
102022482,64.6469154,-47.0
102022482,64.6469154,-47.0
102022482,64.6469154,-47.0
102022482,64.6469154,-47.0
102022483,65.3732852,-47.0
102022483,65.3732852,-47.0
102022483,65.3732852,-47.0
102022483,65.3732852,-47.0
102022484,66.099655,-47.0
102022484,66.099655,-47.0
102022484,66.099655,-47.0
102022484,66.099655,-47.0
102022485,66.8260249,-47.0
102022485,66.8260249,-47.0
102022485,66.8260249,-47.0
102022485,66.8260249,-47.0
102022971,59.0218181,-46.5
102022971,59.0218181,-46.5
102022971,59.0218181,-46.5
102022971,59.0218181,-46.5
102022972,59.7415964,-46.5
102022972,59.7415964,-46.5
102022972,59.7415964,-46.5
102022972,59.7415964,-46.5
102022973,60.4613747,-46.5
102022973,60.4613747,-46.5
102022973,60.4613747,-46.5
102022973,60.4613747,-46.5
102022974,61.1811529,-46.5
102022974,61.1811529,-46.5
102022974,61.1811529,-46.5
102022974,61.1811529,-46.5
102022975,61.9009312,-46.5
102022975,61.9009312,-46.5
102022975,61.9009312,-46.5
102022975,61.9009312,-46.5
102022976,62.6207095,-46.5
102022976,62.6207095,-46.5
102022976,62.6207095,-46.5
102022976,62.6207095,-46.5
102022977,63.3404877,-46.5
102022977,63.3404877,-46.5
102022977,63.3404877,-46.5
102022977,63.3404877,-46.5
102022978,64.060266,-46.5
102022978,64.060266,-46.5
102022978,64.060266,-46.5
102022978,64.060266,-46.5
102022979,64.7800443,-46.50265
102022979,64.7800443,-46.50265
102022979,64.7800443,-46.50265
102022979,64.7800443,-46.50265
102022980,65.4998226,-46.5
102022980,65.4998226,-46.5
102022980,65.4998226,-46.5
102022980,65.4998226,-46.5
102022981,66.2196008,-46.5
102022981,66.2196008,-46.5
102022981,66.2196008,-46.5
102022981,66.2196008,-46.5
102022982,66.9393791,-46.5
102022982,66.9393791,-46.5
102022982,66.9393791,-46.5
102022982,66.9393791,-46.5
102023475,60.6355233,-46.0
102023475,60.6355233,-46.0
102023475,60.6355233,-46.0
102023475,60.6355233,-46.0
102023476,61.3488824,-46.0
102023476,61.3488824,-46.0
102023476,61.3488824,-46.0
102023476,61.3488824,-46.0
102023477,62.0622415,-46.0
102023477,62.0622415,-46.0
102023477,62.0622415,-46.0
102023477,62.0622415,-46.0
102023478,62.7756006,-46.0
102023478,62.7756006,-46.0
102023478,62.7756006,-46.0
102023478,62.7756006,-46.0
102023479,63.4889597,-46.0
102023479,63.4889597,-46.0
102023479,63.4889597,-46.0
102023479,63.4889597,-46.0
102023480,64.2023187,-46.0
102023480,64.2023187,-46.0
102023480,64.2023187,-46.0
102023480,64.2023187,-46.0
102023481,64.88374411673,-46.0
102023481,64.88374411673,-46.0
102023481,64.88374411673,-46.0
102023481,64.88374411673,-46.0
102023482,65.6290369,-46.00695
102023482,65.6290369,-46.00695
102023482,65.6290369,-46.00695
102023482,65.6290369,-46.00695
102023982,61.51829,-45.5
102023982,61.51829,-45.5
102023982,61.51829,-45.5
102023982,61.51829,-45.5
102023983,62.2253967,-45.5
102023983,62.2253967,-45.5
102023983,62.2253967,-45.5
102023983,62.2253967,-45.5
102023984,62.9325035,-45.50415
102023984,62.9325035,-45.50415
102023984,62.9325035,-45.50415
102023984,62.9325035,-45.50415
102023985,63.6396103,-45.5
102023985,63.6396103,-45.5
102023985,63.6396103,-45.5
102023985,63.6396103,-45.5
102023986,64.3467171,-45.5
102023986,64.3467171,-45.5
102023986,64.3467171,-45.5
102023986,64.3467171,-45.5
102023987,65.0538239,-45.5
102023987,65.0538239,-45.5
102023987,65.0538239,-45.5
102023987,65.0538239,-45.5
102041031,51.9615242,-30.5
102041031,51.9615242,-30.5
102041031,51.9615242,-30.5
102041031,51.9615242,-30.5
102041032,52.5388745,-30.5
102041032,52.5388745,-30.5
102041032,52.5388745,-30.5
102041032,52.5388745,-30.5
102041033,53.1162248,-30.5
102041033,53.1162248,-30.5
102041033,53.1162248,-30.5
102041033,53.1162248,-30.5
102041655,51.7029994,-30.0
102041655,51.7029994,-30.0
102041655,51.7029994,-30.0
102041655,51.7029994,-30.0
102041656,52.2774771,-30.0
102041656,52.2774771,-30.0
102041656,52.2774771,-30.0
102041656,52.2774771,-30.0
102041657,52.8519549,-29.97485
102041657,52.8519549,-29.97485
102041657,52.8519549,-29.97485
102041657,52.8519549,-29.97485
102041658,53.4264327,-30.0
102041658,53.4264327,-30.0
102041658,53.4264327,-30.0
102041658,53.4264327,-30.0
102041659,54.0009105,-30.0293
102041659,54.0009105,-30.0293
102041659,54.0009105,-30.0293
102041659,54.0009105,-30.0293
102042282,51.4509331,-29.5
102042282,51.4509331,-29.5
102042282,51.4509331,-29.5
102042282,51.4509331,-29.5
102042283,52.0226101,-29.5
102042283,52.0226101,-29.5
102042283,52.0226101,-29.5
102042283,52.0226101,-29.5
102042284,52.5942871,-29.5
102042284,52.5942871,-29.5
102042284,52.5942871,-29.5
102042284,52.5942871,-29.5
102042285,53.1659642,-29.5
102042285,53.1659642,-29.5
102042285,53.1659642,-29.5
102042285,53.1659642,-29.5
102042286,53.7376412,-29.5
102042286,53.7376412,-29.5
102042286,53.7376412,-29.5
102042286,53.7376412,-29.5
102042287,54.3093182,-29.5
102042287,54.3093182,-29.5
102042287,54.3093182,-29.5
102042287,54.3093182,-29.5
102042288,54.8809953,-29.5
102042288,54.8809953,-29.5
102042288,54.8809953,-29.5
102042288,54.8809953,-29.5
102042289,55.4526723,-29.5
102042289,55.4526723,-29.5
102042289,55.4526723,-29.5
102042289,55.4526723,-29.5
102042912,51.2051932,-29.0
102042912,51.2051932,-29.0
102042912,51.2051932,-29.0
102042912,51.2051932,-29.0
102042913,51.7741397,-29.0
102042913,51.7741397,-29.0
102042913,51.7741397,-29.0
102042913,51.7741397,-29.0
102042914,52.3430863,-28.99915
102042914,52.3430863,-28.99915
102042914,52.3430863,-28.99915
102042914,52.3430863,-28.99915
102042915,52.9120329,-29.0
102042915,52.9120329,-29.0
102042915,52.9120329,-29.0
102042915,52.9120329,-29.0
102042916,53.4809795,-29.0
102042916,53.4809795,-29.0
102042916,53.4809795,-29.0
102042916,53.4809795,-29.0
102042917,54.0499261,-29.0
102042917,54.0499261,-29.0
102042917,54.0499261,-29.0
102042917,54.0499261,-29.0
102042918,54.6188727,-29.0
102042918,54.6188727,-29.0
102042918,54.6188727,-29.0
102042918,54.6188727,-29.0
102042919,55.1878193,-29.0
102042919,55.1878193,-29.0
102042919,55.1878193,-29.0
102042919,55.1878193,-29.0
102043545,50.9656523,-28.5
102043545,50.9656523,-28.5
102043545,50.9656523,-28.5
102043545,50.9656523,-28.5
102043546,51.5319373,-28.5
102043546,51.5319373,-28.5
102043546,51.5319373,-28.5
102043546,51.5319373,-28.5
102043547,52.0982223,-28.49645
102043547,52.0982223,-28.49645
102043547,52.0982223,-28.49645
102043547,52.0982223,-28.49645
102043548,52.6645074,-28.5
102043548,52.6645074,-28.5
102043548,52.6645074,-28.5
102043548,52.6645074,-28.5
102043549,53.2307924,-28.5
102043549,53.2307924,-28.5
102043549,53.2307924,-28.5
102043549,53.2307924,-28.5
102043550,53.7970774,-28.5
102043550,53.7970774,-28.5
102043550,53.7970774,-28.5
102043550,53.7970774,-28.5
102043551,54.3633624,-28.5
102043551,54.3633624,-28.5
102043551,54.3633624,-28.5
102043551,54.3633624,-28.5
102043552,54.9296475,-28.5
102043552,54.9296475,-28.5
102043552,54.9296475,-28.5
102043552,54.9296475,-28.5
102043553,55.4959325,-28.5
102043553,55.4959325,-28.5
102043553,55.4959325,-28.5
102043553,55.4959325,-28.5
102044181,50.7321876,-28.0
102044181,50.7321876,-28.0
102044181,50.7321876,-28.0
102044181,50.7321876,-28.0
102044182,51.2958786,-28.0
102044182,51.2958786,-28.0
102044182,51.2958786,-28.0
102044182,51.2958786,-28.0
102044183,51.8595696,-28.0
102044183,51.8595696,-28.0
102044183,51.8595696,-28.0
102044183,51.8595696,-28.0
102044184,52.4232605,-28.0
102044184,52.4232605,-28.0
102044184,52.4232605,-28.0
102044184,52.4232605,-28.0
102044185,52.9869515,-28.0
102044185,52.9869515,-28.0
102044185,52.9869515,-28.0
102044185,52.9869515,-28.0
102044186,53.5506425,-28.0
102044186,53.5506425,-28.0
102044186,53.5506425,-28.0
102044186,53.5506425,-28.0
102044187,54.1143334,-28.0
102044187,54.1143334,-28.0
102044187,54.1143334,-28.0
102044187,54.1143334,-28.0
102044188,54.6780244,-28.0
102044188,54.6780244,-28.0
102044188,54.6780244,-28.0
102044188,54.6780244,-28.0
102044189,55.2417154,-28.0158
102044189,55.2417154,-28.0158
102044189,55.2417154,-28.0158
102044189,55.2417154,-28.0158
102044820,50.5046807,-27.5
102044820,50.5046807,-27.5
102044820,50.5046807,-27.5
102044820,50.5046807,-27.5
102044821,51.0658438,-27.5
102044821,51.0658438,-27.5
102044821,51.0658438,-27.5
102044821,51.0658438,-27.5
102044822,51.6270069,-27.5
102044822,51.6270069,-27.5
102044822,51.6270069,-27.5
102044822,51.6270069,-27.5
102044823,52.18817,-27.5
102044823,52.18817,-27.5
102044823,52.18817,-27.5
102044823,52.18817,-27.5
102044824,52.7493332,-27.5
102044824,52.7493332,-27.5
102044824,52.7493332,-27.5
102044824,52.7493332,-27.5
102044825,53.3104963,-27.5
102044825,53.3104963,-27.5
102044825,53.3104963,-27.5
102044825,53.3104963,-27.5
102044826,53.8716594,-27.5
102044826,53.8716594,-27.5
102044826,53.8716594,-27.5
102044826,53.8716594,-27.5
102044827,54.4328225,-27.5
102044827,54.4328225,-27.5
102044827,54.4328225,-27.5
102044827,54.4328225,-27.5
102044828,54.9939856,-27.5
102044828,54.9939856,-27.5
102044828,54.9939856,-27.5
102044828,54.9939856,-27.5
102045463,50.8417175,-27.0
102045463,50.8417175,-27.0
102045463,50.8417175,-27.0
102045463,50.8417175,-27.0
102045464,51.4004177,-27.0
102045464,51.4004177,-27.0
102045464,51.4004177,-27.0
102045464,51.4004177,-27.0
102045465,51.9591179,-27.0
102045465,51.9591179,-27.0
102045465,51.9591179,-27.0
102045465,51.9591179,-27.0
102045466,52.5178181,-27.0
102045466,52.5178181,-27.0
102045466,52.5178181,-27.0
102045466,52.5178181,-27.0
102045467,53.0765183,-27.0
102045467,53.0765183,-27.0
102045467,53.0765183,-27.0
102045467,53.0765183,-27.0
102045468,53.6352185,-27.0
102045468,53.6352185,-27.0
102045468,53.6352185,-27.0
102045468,53.6352185,-27.0
102045469,54.1939187,-27.0
102045469,54.1939187,-27.0
102045469,54.1939187,-27.0
102045469,54.1939187,-27.0
102045470,54.7526189,-27.0
102045470,54.7526189,-27.0
102045470,54.7526189,-27.0
102045470,54.7526189,-27.0
102046108,50.6233883,-26.5
102046108,50.6233883,-26.5
102046108,50.6233883,-26.5
102046108,50.6233883,-26.5
102046109,51.1796893,-26.5
102046109,51.1796893,-26.5
102046109,51.1796893,-26.5
102046109,51.1796893,-26.5
102046110,51.7359902,-26.5
102046110,51.7359902,-26.5
102046110,51.7359902,-26.5
102046110,51.7359902,-26.5
102046111,52.2922912,-26.5
102046111,52.2922912,-26.5
102046111,52.2922912,-26.5
102046111,52.2922912,-26.5
102046112,52.8485922,-26.5
102046112,52.8485922,-26.5
102046112,52.8485922,-26.5
102046112,52.8485922,-26.5
102046113,53.4048931,-26.5
102046113,53.4048931,-26.5
102046113,53.4048931,-26.5
102046113,53.4048931,-26.5
102046114,53.9611941,-26.5
102046114,53.9611941,-26.5
102046114,53.9611941,-26.5
102046114,53.9611941,-26.5
102046115,54.5174951,-26.5
102046115,54.5174951,-26.5
102046115,54.5174951,-26.5
102046115,54.5174951,-26.5
102046759,52.0726416,-26.0
102046759,52.0726416,-26.0
102046759,52.0726416,-26.0
102046759,52.0726416,-26.0
102046760,52.6266058,-26.0
102046760,52.6266058,-26.0
102046760,52.6266058,-26.0
102046760,52.6266058,-26.0
102046761,53.1805701,-26.0
102046761,53.1805701,-26.0
102046761,53.1805701,-26.0
102046761,53.1805701,-26.0
102046762,53.7345344,-26.0
102046762,53.7345344,-26.0
102046762,53.7345344,-26.0
102046762,53.7345344,-26.0
102047412,53.5138291,-25.5
102047412,53.5138291,-25.5
102047412,53.5138291,-25.5
102047412,53.5138291,-25.5
102070144,85.4384678,-9.0
102070144,85.4384678,-9.0
102070144,85.4384678,-9.0
102070144,85.4384678,-9.0
102070145,85.9440209,-9.0
102070145,85.9440209,-9.0
102070145,85.9440209,-9.0
102070145,85.9440209,-9.0
102070857,85.3304299,-8.5
102070857,85.3304299,-8.5
102070857,85.3304299,-8.5
102070857,85.3304299,-8.5
102070858,85.8353437,-8.5
102070858,85.8353437,-8.5
102070858,85.8353437,-8.5
102070858,85.8353437,-8.5
102070859,86.3402575,-8.5
102070859,86.3402575,-8.5
102070859,86.3402575,-8.5
102070859,86.3402575,-8.5
102071570,85.2291472,-8.0
102071570,85.2291472,-8.0
102071570,85.2291472,-8.0
102071570,85.2291472,-8.0
102071571,85.7334616,-8.0
102071571,85.7334616,-8.0
102071571,85.7334616,-8.0
102071571,85.7334616,-8.0
102071572,86.2377761,-8.0
102071572,86.2377761,-8.0
102071572,86.2377761,-8.0
102071572,86.2377761,-8.0
102157301,266.3787101,63.0
102157301,266.3787101,63.0
102157301,266.3787101,63.0
102157301,266.3787101,63.0
102157302,267.4615504,63.0
102157302,267.4615504,63.0
102157302,267.4615504,63.0
102157302,267.4615504,63.0
102157303,268.5443907,63.0
102157303,268.5443907,63.0
102157303,268.5443907,63.0
102157303,268.5443907,63.0
102157629,265.4240564,63.5
102157629,265.4240564,63.5
102157629,265.4240564,63.5
102157629,265.4240564,63.5
102157630,266.525401,63.5
102157630,266.525401,63.5
102157630,266.525401,63.5
102157630,266.525401,63.5
102157631,267.6267456,63.5
102157631,267.6267456,63.5
102157631,267.6267456,63.5
102157631,267.6267456,63.5
102157632,268.7280903,63.5
102157632,268.7280903,63.5
102157632,268.7280903,63.5
102157632,268.7280903,63.5
102157633,269.8294349,63.5
102157633,269.8294349,63.5
102157633,269.8294349,63.5
102157633,269.8294349,63.5
102157634,270.9307795,63.5
102157634,270.9307795,63.5
102157634,270.9307795,63.5
102157634,270.9307795,63.5
102157635,272.0321242,63.5
102157635,272.0321242,63.5
102157635,272.0321242,63.5
102157635,272.0321242,63.5
102157951,264.4566973,64.0
102157951,264.4566973,64.0
102157951,264.4566973,64.0
102157951,264.4566973,64.0
102157952,265.5772765,64.0
102157952,265.5772765,64.0
102157952,265.5772765,64.0
102157952,265.5772765,64.0
102157953,266.6978558,64.0
102157953,266.6978558,64.0
102157953,266.6978558,64.0
102157953,266.6978558,64.0
102157954,267.818435,63.9918
102157954,267.818435,63.9918
102157954,267.818435,63.9918
102157954,267.818435,63.9918
102157955,268.934030082,64.0
102157955,268.934030082,64.0
102157955,268.934030082,64.0
102157955,268.934030082,64.0
102157956,270.0595934,64.0
102157956,270.0595934,64.0
102157956,270.0595934,64.0
102157956,270.0595934,64.0
102157957,271.1801727,64.0
102157957,271.1801727,64.0
102157957,271.1801727,64.0
102157957,271.1801727,64.0
102157958,272.3007519,64.0
102157958,272.3007519,64.0
102157958,272.3007519,64.0
102157958,272.3007519,64.0
102157959,273.4213311,64.0
102157959,273.4213311,64.0
102157959,273.4213311,64.0
102157959,273.4213311,64.0
102157960,274.5419103,64.0
102157960,274.5419103,64.0
102157960,274.5419103,64.0
102157960,274.5419103,64.0
102158268,263.4753698,64.5
102158268,263.4753698,64.5
102158268,263.4753698,64.5
102158268,263.4753698,64.5
102158269,264.6159558,64.5
102158269,264.6159558,64.5
102158269,264.6159558,64.5
102158269,264.6159558,64.5
102158270,265.7565418,64.5
102158270,265.7565418,64.5
102158270,265.7565418,64.5
102158270,265.7565418,64.5
102158271,266.8971278,64.5
102158271,266.8971278,64.5
102158271,266.8971278,64.5
102158271,266.8971278,64.5
102158272,268.0377138,64.5
102158272,268.0377138,64.5
102158272,268.0377138,64.5
102158272,268.0377138,64.5
102158273,269.1782999,64.4938
102158273,269.1782999,64.4938
102158273,269.1782999,64.4938
102158273,269.1782999,64.4938
102158274,270.3188859,64.5
102158274,270.3188859,64.5
102158274,270.3188859,64.5
102158274,270.3188859,64.5
102158275,271.4594719,64.5
102158275,271.4594719,64.5
102158275,271.4594719,64.5
102158275,271.4594719,64.5
102158276,272.6000579,64.5
102158276,272.6000579,64.5
102158276,272.6000579,64.5
102158276,272.6000579,64.5
102158277,273.7406439,64.5
102158277,273.7406439,64.5
102158277,273.7406439,64.5
102158277,273.7406439,64.5
102158278,274.8812299,64.5
102158278,274.8812299,64.5
102158278,274.8812299,64.5
102158278,274.8812299,64.5
102158579,262.4787162,65.0
102158579,262.4787162,65.0
102158579,262.4787162,65.0
102158579,262.4787162,65.0
102158580,263.6401264,65.0
102158580,263.6401264,65.0
102158580,263.6401264,65.0
102158580,263.6401264,65.0
102158581,264.8015367,65.0
102158581,264.8015367,65.0
102158581,264.8015367,65.0
102158581,264.8015367,65.0
102158582,265.9629469,65.0
102158582,265.9629469,65.0
102158582,265.9629469,65.0
102158582,265.9629469,65.0
102158583,267.1243572,65.0
102158583,267.1243572,65.0
102158583,267.1243572,65.0
102158583,267.1243572,65.0
102158584,268.2857674,65.0
102158584,268.2857674,65.0
102158584,268.2857674,65.0
102158584,268.2857674,65.0
102158585,269.4471777,65.0
102158585,269.4471777,65.0
102158585,269.4471777,65.0
102158585,269.4471777,65.0
102158586,270.6085879,65.0
102158586,270.6085879,65.0
102158586,270.6085879,65.0
102158586,270.6085879,65.0
102158587,271.7699982,65.0
102158587,271.7699982,65.0
102158587,271.7699982,65.0
102158587,271.7699982,65.0
102158588,272.9314084,65.0
102158588,272.9314084,65.0
102158588,272.9314084,65.0
102158588,272.9314084,65.0
102158589,274.0928187,65.0
102158589,274.0928187,65.0
102158589,274.0928187,65.0
102158589,274.0928187,65.0
102158590,275.2542289,65.0
102158590,275.2542289,65.0
102158590,275.2542289,65.0
102158590,275.2542289,65.0
102158591,276.4156392,65.0
102158591,276.4156392,65.0
102158591,276.4156392,65.0
102158591,276.4156392,65.0
102158885,262.6483757,65.5
102158885,262.6483757,65.5
102158885,262.6483757,65.5
102158885,262.6483757,65.5
102158886,263.8314765,65.5
102158886,263.8314765,65.5
102158886,263.8314765,65.5
102158886,263.8314765,65.5
102158887,265.0145773,65.5
102158887,265.0145773,65.5
102158887,265.0145773,65.5
102158887,265.0145773,65.5
102158888,266.1976781,65.5
102158888,266.1976781,65.5
102158888,266.1976781,65.5
102158888,266.1976781,65.5
102158889,267.3807789,65.4983
102158889,267.3807789,65.4983
102158889,267.3807789,65.4983
102158889,267.3807789,65.4983
102158890,268.5638797,65.5
102158890,268.5638797,65.5
102158890,268.5638797,65.5
102158890,268.5638797,65.5
102158891,269.7469805,65.4831
102158891,269.7469805,65.4831
102158891,269.7469805,65.4831
102158891,269.7469805,65.4831
102158892,270.9300813,65.5
102158892,270.9300813,65.5
102158892,270.9300813,65.5
102158892,270.9300813,65.5
102158893,272.1131821,65.5
102158893,272.1131821,65.5
102158893,272.1131821,65.5
102158893,272.1131821,65.5
102158894,273.2962829,65.5
102158894,273.2962829,65.5
102158894,273.2962829,65.5
102158894,273.2962829,65.5
102158895,274.4793836,65.5
102158895,274.4793836,65.5
102158895,274.4793836,65.5
102158895,274.4793836,65.5
102158896,275.6624844,65.49535
102158896,275.6624844,65.49535
102158896,275.6624844,65.49535
102158896,275.6624844,65.49535
102158897,276.8455852,65.5008
102158897,276.8455852,65.5008
102158897,276.8455852,65.5008
102158897,276.8455852,65.5008
102159186,262.8448906,66.0
102159186,262.8448906,66.0
102159186,262.8448906,66.0
102159186,262.8448906,66.0
102159187,264.0506011,66.0
102159187,264.0506011,66.0
102159187,264.0506011,66.0
102159187,264.0506011,66.0
102159188,265.2563116,66.0
102159188,265.2563116,66.0
102159188,265.2563116,66.0
102159188,265.2563116,66.0
102159189,266.4620221,66.0
102159189,266.4620221,66.0
102159189,266.4620221,66.0
102159189,266.4620221,66.0
102159190,267.6677326,66.0
102159190,267.6677326,66.0
102159190,267.6677326,66.0
102159190,267.6677326,66.0
102159191,268.8734431,66.0
102159191,268.8734431,66.0
102159191,268.8734431,66.0
102159191,268.8734431,66.0
102159192,270.0791536,66.0
102159192,270.0791536,66.0
102159192,270.0791536,66.0
102159192,270.0791536,66.0
102159193,271.2848642,66.0
102159193,271.2848642,66.0
102159193,271.2848642,66.0
102159193,271.2848642,66.0
102159194,272.4905747,66.0
102159194,272.4905747,66.0
102159194,272.4905747,66.0
102159194,272.4905747,66.0
102159195,273.6962852,66.0
102159195,273.6962852,66.0
102159195,273.6962852,66.0
102159195,273.6962852,66.0
102159196,274.9019957,66.0
102159196,274.9019957,66.0
102159196,274.9019957,66.0
102159196,274.9019957,66.0
102159197,276.1077062,66.0
102159197,276.1077062,66.0
102159197,276.1077062,66.0
102159197,276.1077062,66.0
102159481,263.0694869,66.5
102159481,263.0694869,66.5
102159481,263.0694869,66.5
102159481,263.0694869,66.5
102159482,264.2987836,66.5
102159482,264.2987836,66.5
102159482,264.2987836,66.5
102159482,264.2987836,66.5
102159483,265.5280802,66.5
102159483,265.5280802,66.5
102159483,265.5280802,66.5
102159483,265.5280802,66.5
102159484,266.7573769,66.5
102159484,266.7573769,66.5
102159484,266.7573769,66.5
102159484,266.7573769,66.5
102159485,267.9866736,66.5
102159485,267.9866736,66.5
102159485,267.9866736,66.5
102159485,267.9866736,66.5
102159486,269.2159702,66.5
102159486,269.2159702,66.5
102159486,269.2159702,66.5
102159486,269.2159702,66.5
102159487,270.4452669,66.5
102159487,270.4452669,66.5
102159487,270.4452669,66.5
102159487,270.4452669,66.5
102159488,271.6745636,66.5
102159488,271.6745636,66.5
102159488,271.6745636,66.5
102159488,271.6745636,66.5
102159489,272.9038602,66.5
102159489,272.9038602,66.5
102159489,272.9038602,66.5
102159489,272.9038602,66.5
102159490,274.1331569,66.5
102159490,274.1331569,66.5
102159490,274.1331569,66.5
102159490,274.1331569,66.5
102159491,275.3624536,66.5
102159491,275.3624536,66.5
102159491,275.3624536,66.5
102159491,275.3624536,66.5
102159492,276.5917503,66.5
102159492,276.5917503,66.5
102159492,276.5917503,66.5
102159492,276.5917503,66.5
102159770,263.3234989,67.0
102159770,263.3234989,67.0
102159770,263.3234989,67.0
102159770,263.3234989,67.0
102159771,264.5774203,67.0
102159771,264.5774203,67.0
102159771,264.5774203,67.0
102159771,264.5774203,67.0
102159772,265.8313417,67.0
102159772,265.8313417,67.0
102159772,265.8313417,67.0
102159772,265.8313417,67.0
102159773,267.0852631,67.0
102159773,267.0852631,67.0
102159773,267.0852631,67.0
102159773,267.0852631,67.0
102159774,268.3391846,67.0
102159774,268.3391846,67.0
102159774,268.3391846,67.0
102159774,268.3391846,67.0
102159775,269.593106,67.0
102159775,269.593106,67.0
102159775,269.593106,67.0
102159775,269.593106,67.0
102159776,270.8470274,67.0
102159776,270.8470274,67.0
102159776,270.8470274,67.0
102159776,270.8470274,67.0
102159777,272.1009488,67.0
102159777,272.1009488,67.0
102159777,272.1009488,67.0
102159777,272.1009488,67.0
102159778,273.3548703,67.0
102159778,273.3548703,67.0
102159778,273.3548703,67.0
102159778,273.3548703,67.0
102159779,274.6087917,67.0
102159779,274.6087917,67.0
102159779,274.6087917,67.0
102159779,274.6087917,67.0
102159780,275.8627131,67.0
102159780,275.8627131,67.0
102159780,275.8627131,67.0
102159780,275.8627131,67.0
102159781,277.1166345,67.0
102159781,277.1166345,67.0
102159781,277.1166345,67.0
102159781,277.1166345,67.0
102160054,263.6083805,67.5
102160054,263.6083805,67.5
102160054,263.6083805,67.5
102160054,263.6083805,67.5
102160055,264.8880329,67.5
102160055,264.8880329,67.5
102160055,264.8880329,67.5
102160055,264.8880329,67.5
102160056,266.1676852,67.49705
102160056,266.1676852,67.49705
102160056,266.1676852,67.49705
102160056,266.1676852,67.49705
102160057,267.4473375,67.5
102160057,267.4473375,67.5
102160057,267.4473375,67.5
102160057,267.4473375,67.5
102160058,268.7269899,67.5
102160058,268.7269899,67.5
102160058,268.7269899,67.5
102160058,268.7269899,67.5
102160059,270.0066422,67.5
102160059,270.0066422,67.5
102160059,270.0066422,67.5
102160059,270.0066422,67.5
102160060,271.2862945,67.5
102160060,271.2862945,67.5
102160060,271.2862945,67.5
102160060,271.2862945,67.5
102160061,272.5659468,67.5
102160061,272.5659468,67.5
102160061,272.5659468,67.5
102160061,272.5659468,67.5
102160062,273.8455992,67.5
102160062,273.8455992,67.5
102160062,273.8455992,67.5
102160062,273.8455992,67.5
102160063,275.1252515,67.5
102160063,275.1252515,67.5
102160063,275.1252515,67.5
102160063,275.1252515,67.5
102160064,276.4049038,67.5
102160064,276.4049038,67.5
102160064,276.4049038,67.5
102160064,276.4049038,67.5
102160333,265.2322819,68.0
102160333,265.2322819,68.0
102160333,265.2322819,68.0
102160333,265.2322819,68.0
102160334,266.5388448,68.0
102160334,266.5388448,68.0
102160334,266.5388448,68.0
102160334,266.5388448,68.0
102160335,267.8454078,68.0
102160335,267.8454078,68.0
102160335,267.8454078,68.0
102160335,267.8454078,68.0
102160336,269.1519708,68.0
102160336,269.1519708,68.0
102160336,269.1519708,68.0
102160336,269.1519708,68.0
102160337,270.4585337,68.0
102160337,270.4585337,68.0
102160337,270.4585337,68.0
102160337,270.4585337,68.0
102160338,271.7650967,68.0
102160338,271.7650967,68.0
102160338,271.7650967,68.0
102160338,271.7650967,68.0
102160339,273.0716597,68.0
102160339,273.0716597,68.0
102160339,273.0716597,68.0
102160339,273.0716597,68.0
102160340,274.3782226,68.0
102160340,274.3782226,68.0
102160340,274.3782226,68.0
102160340,274.3782226,68.0
102160341,275.6847856,68.0
102160341,275.6847856,68.0
102160341,275.6847856,68.0
102160341,275.6847856,68.0
102160606,266.9467163,68.5
102160606,266.9467163,68.5
102160606,266.9467163,68.5
102160606,266.9467163,68.5
102160607,268.2814498,68.5
102160607,268.2814498,68.5
102160607,268.2814498,68.5
102160607,268.2814498,68.5
102160608,269.6161834,68.5
102160608,269.6161834,68.5
102160608,269.6161834,68.5
102160608,269.6161834,68.5
102160609,270.950917,68.5
102160609,270.950917,68.5
102160609,270.950917,68.5
102160609,270.950917,68.5
102160610,272.2856506,68.5
102160610,272.2856506,68.5
102160610,272.2856506,68.5
102160610,272.2856506,68.5
102160611,273.6203842,68.5
102160611,273.6203842,68.5
102160611,273.6203842,68.5
102160611,273.6203842,68.5
102160612,275.0158089854,68.5
102160612,275.0158089854,68.5
102160612,275.0158089854,68.5
102160612,275.0158089854,68.5
102160873,268.757627,69.0
102160873,268.757627,69.0
102160873,268.757627,69.0
102160873,268.757627,69.0
102160875,271.4861309,69.0
102160875,271.4861309,69.0
102160875,271.4861309,69.0
102160875,271.4861309,69.0
102160876,272.8503828,69.0
102160876,272.8503828,69.0
102160876,272.8503828,69.0
102160876,272.8503828,69.0
102160877,274.2146347,69.0
102160877,274.2146347,69.0
102160877,274.2146347,69.0
102160877,274.2146347,69.0
